"geocode","cidade","total_cases","mean_population_2017_2024"
"4300034","acegua",3,4662.41379310345
"4300109","agudo",44,16413.6699507389
"4300208","ajuricaba",420,6970.04679802956
"4300307","alecrim",835,6087.52709359606
"4300406","alegrete",355,73778.6773399015
"4300455","alegria",400,3582.86206896552
"4300505","alpestre",179,6652.6354679803
"4300604","alvorada",3012,203289.886699507
"4300851","arambare",1,3774.41133004926
"4300877","ararica",230,6594.81034482759
"4300901","aratiba",820,6360.28571428571
"4301404","arvorezinha",30,10429.3596059113
"4301552","aurea",47,3524.48522167488
"4301602","bage",42,120528.209359606
"4301651","barao",4,6264.95073891626
"4301800","barracao",7,5160.09113300493
"4302501","bossoroca",59,6212.65270935961
"4302584","bozano",46,2145.58128078818
"4302600","braga",213,3358.64039408867
"4302659","brochier",2,5042.50492610837
"4302709","butia",159,20410.3571428571
"4302907","cacequi",14,12221.4187192118
"4303103","cachoeirinha",4609,132311.472906404
"4303301","caibate",79,4824.8842364532
"4303400","caicara",461,4811.20197044335
"4303509","camaqua",33,65105.8694581281
"4303558","camargo",55,2818.77586206897
"4304200","candelaria",215,30672.4802955665
"4304358","candiota",6,9951.66256157636
"4304408","canela",67,46212.7733990148
"4304507","cangucu",8,54129.3078817734
"4304606","canoas",6676,347625.386699507
"4304697","capitao",21,2816.58620689655
"4304705","carazinho",1939,62183.2192118227
"4304713","caraa",3,7977.60837438424
"4304903","casca",43,9193.87192118227
"4304952","caseiros",3,3142.10098522167
"4305009","catuipe",665,8809.52463054187
"4305116","centenario",2,2854.39408866995
"4305124","cerrito",7,6043.21921182266
"4305306","chapada",350,9404.56403940887
"4305355","charqueadas",54,38859.4901477833
"4305371","charrua",1,3138.58374384236
"4305405","chiapetta",370,3838.17487684729
"4305439","chui",2,6552.94827586207
"4305447","chuvisca",3,5169.04433497537
"4305454","cidreira",15,16413.2857142857
"4305504","ciriaco",19,4584.33497536946
"4305587","colinas",209,2452.90886699507
"4305603","colorado",23,3235.02463054187
"4305702","condor",1068,6662.1724137931
"4305801","constantina",1310,10101.8965517241
"4305959","cotipora",5,3871.44088669951
"4305975","coxilha",21,2743.48522167488
"4306007","crissiumal",2641,13360.5714285714
"4306056","cristal",8,7780.54433497537
"4306130","cruzaltense",14,1793.05172413793
"4306320","derrubadas",533,2819.7881773399
"4306809","encantado",1945,22781.6428571429
"4306932","entre-ijuis",321,8758.95073891626
"4306973","erebango",22,3022.70935960591
"4307005","erechim",4878,105882.403940887
"4307054","ernestina",2,3135.53201970443
"4307104","herval",3,6645.5960591133
"4307401","esmeralda",3,3263.37684729064
"4307500","espumoso",131,15507.4950738916
"4307559","estacao",30,5866.74384236453
"4307708","esteio",3003,81213.1034482759
"4307807","estrela",2603,33493.0295566502
"4307906","farroupilha",108,71599.3448275862
"4308052","faxinalzinho",35,2404.15517241379
"4308102","feliz",108,13614.4532019704
"4308409","formigueiro",10,6631.32512315271
"4308433","forquetinha",13,2420.16009852217
"4308607","garibaldi",63,34795.4384236453
"4308656","garruchos",27,2876.48768472906
"4308706","gaurama",89,5617.97536945813
"4308854","gentil",0,1679.0960591133
"4309001","girua",1067,16131.9137931034
"4309050","glorinha",21,7933.20689655172
"4309100","gramado",592,37479.5467980296
"4309209","gravatai",4135,276473.376847291
"4309258","guabiju",1,1486.81034482759
"4309308","guaiba",184,96825.3891625616
"4309407","guapore",330,25566.7266009852
"4309555","harmonia",21,5023.26600985222
"4309571","herveiras",0,2882.58620689655
"4309605","horizontina",2965,19214.1699507389
"4309704","humaita",582,4765.50246305419
"4309753","ibarama",4,4207.18226600985
"4309803","ibiaca",13,4671.97783251232
"4309902","ibiraiaras",20,7147.72413793103
"4309951","ibirapuita",4,3940.27093596059
"4310009","ibiruba",1037,20788.9236453202
"4310108","igrejinha",6919,35605.1995073892
"4310207","ijui",8605,84110.0615763547
"4310306","ilopolis",18,4122.05172413793
"4310330","imbe",729,23964.0320197044
"4310363","imigrante",14,3110.42610837438
"4310405","independencia",710,6301.89655172414
"4310413","inhacora",249,2169.03201970443
"4310439","ipe",1,6238.69704433498
"4310504","irai",1280,7393.64532019704
"4310538","itaara",56,5523.52709359606
"4310553","itacurubi",8,3327.83497536946
"4310579","itapuca",3,2065.62807881773
"4310603","itaqui",165,37242.539408867
"4310652","itati",1,2509.14285714286
"4310751","ivora",2,1937.2881773399
"4310801","ivoti",2407,23760.7857142857
"4310850","jaboticaba",694,3831.82019704434
"4310876","jacuizinho",0,2484.92857142857
"4310900","jacutinga",99,3508.80541871921
"4311007","jaguarao",17,26855.842364532
"4311106","jaguari",393,10843.1625615764
"4311122","jaquirana",0,3748
"4311130","jari",1,3472.3275862069
"4311155","joia",396,8143.86945812808
"4311254","lagoao",13,6112.02463054187
"4311403","lajeado",4939,86850.2438423645
"4311700","machadinho",108,5567.27339901478
"4311718","macambara",6,4562.05172413793
"4311734","mampituba",0,3044.3078817734
"4311775","maquine",15,6995.02709359606
"4311791","marata",4,2624.04926108374
"4311809","marau",307,44305.0812807882
"4312104","mata",9,4822.75862068965
"4312302","miraguai",1127,4757.61822660099
"4312351","montauri",2,1479.11822660099
"4312401","montenegro",761,64995.1330049261
"4312427","mormaco",28,2976.37684729064
"4312500","mostardas",2,12599.1157635468
"4312609","mucum",282,4855.07881773399
"4312625","muliterno",1,1842.0960591133
"4312658","nao-me-toque",992,17708.4039408867
"4312708","nonoai",420,12421.4926108374
"4313508","osorio",183,46424.4187192118
"4313805","palmitinho",1261,7335.23399014778
"4313904","panambi",1107,43560.1477832512
"4314001","parai",26,7500.83743842364
"4314050","parobe",3378,56239.2733990148
"4314159","paverama",69,8340.16256157636
"4314308","pejucara",77,3855.67980295566
"4314407","pelotas",705,338078.884236453
"4314456","pinhal",359,2709.97783251232
"4314555","pirapo",34,2321.18226600985
"4314605","piratini",7,19696.5640394089
"4314704","planalto",661,10256.4630541872
"4314779","pontao",18,3723.43103448276
"4314803","portao",2062,35973.7413793103
"4315156","progresso",30,5976.82019704434
"4315206","putinga",34,3893.07389162562
"4315305","quarai",27,23069.724137931
"4315321","quevedos",9,2706.2684729064
"4315404","redentora",2003,10974.6527093596
"4315453","relvado",3,2007.99507389163
"4315750","riozinho",20,4600.34482758621
"4315958","rolador",56,2334.54926108374
"4316006","rolante",405,21311.6502463054
"4316204","rondinha",431,5128.22906403941
"4316600","sananduva",673,16341.2980295567
"4317400","santiago",169,49497.8177339901
"4319901","sapiranga",4964,79243.1551724138
"4320107","sarandi",2189,23912.5197044335
"4320206","seberi",1286,11198.6330049261
"4320263","segredo",7,6981.25369458128
"4320305","selbach",245,5117.43349753695
"4320453","serio",9,1986.17487684729
"4320503","sertao",5,5524.3275862069
"4320677","sinimbu",73,9695.18965517241
"4320701","sobradinho",42,14762.0197044335
"4320800","soledade",84,30787.539408867
"4320859","tabai",11,4628.27339901478
"4320909","tapejara",144,24122.3522167488
"4321006","tapera",281,10628.9876847291
"4321105","tapes",6,16504.5591133005
"4321204","taquara",1590,56214.0837438424
"4321303","taquari",44,26424.4630541872
"4321352","tavares",0,5412.93349753695
"4321451","teutonia",736,32965.1059113301
"4321493","toropi",11,2741.37438423645
"4321501","torres",636,39705.7955665025
"4321600","tramandai",653,52333.1379310345
"4321626","travesseiro",43,2286.34975369458
"4322004","triunfo",61,28844.5221674877
"4322103","tucunduva",737,5671.03201970443
"4322152","tunas",8,4294.66748768473
"4322202","tupancireta",95,22701.5270935961
"4322251","tupandi",49,4886.66009852217
"4322301","tuparendi",875,8114.22413793103
"4322327","turucu",2,3452.1921182266
"4322343","ubiretama",76,2031.78571428571
"4322376","unistalda",1,2244.58374384236
"4322400","uruguaiana",602,124405.194581281
"4322509","vacaria",45,65653.8251231527
"4322558","vanini",6,2081.0763546798
"4322806","veranopolis",35,25472.9088669951
"4322905","viadutos",16,4809.24384236453
"4323002","viamao",2105,245768.573891626
"4323770","westfalia",14,3046.82019704434
"4323804","xangri-la",139,16302.2857142857
