"filter_strategy_filtered","model_id","model_type_filtered","exposure_main_filtered","n_final_filtered","geocodes_filtered","aic_filtered","bic_filtered","theta_filtered","rr_p10_filtered","rr_p90_filtered","file_path_filtered","rank_aic_filtered","filter_strategy_unfiltered","model_type_unfiltered","exposure_main_unfiltered","n_final_unfiltered","geocodes_unfiltered","aic_unfiltered","bic_unfiltered","theta_unfiltered","rr_p10_unfiltered","rr_p90_unfiltered","file_path_unfiltered","rank_aic_unfiltered","delta_aic_unfiltered_minus_filtered","delta_bic_unfiltered_minus_filtered","delta_n_final_unfiltered_minus_filtered","delta_geocodes_unfiltered_minus_filtered","delta_rr_p90_unfiltered_minus_filtered"
"filtered_lt10","indexP","individual","indexP",60900,150,55919.1086166028,57959.1544847732,0.363162960747535,7.73542767598794,0.0982382816647318,"C:/Users/DaniLinda/Desktop/Doutorado PE/analises_individuais/DLNM MASS + OFFSET/RIO GRANDE DO SUL DLNM MASS + OFFSET/resultados/summaries/resultados_indexP_offset.RData",1,"unfiltered","individual","indexP",81606,201,57423.4387270352,60003.1830442604,0.362325246351794,6.91054787095487,0.117875898290478,"C:/Users/DaniLinda/Desktop/Doutorado PE/analises_individuais/DLNM MASS + OFFSET/RIO GRANDE DO SUL DLNM MASS + OFFSET/resultados/sensibilidade_geocodes_mesmo_pipeline/unfiltered_same_pipeline/summaries/resultados_indexP_offset.RData",1,1504.33011043243,2044.0285594872,20706,51,0.0196376166257467
"filtered_lt10","precip_tot","individual","precip_tot",60900,150,56186.5319250274,58226.5777931979,0.347538725543923,0.066699670680625,0.296711387768037,"C:/Users/DaniLinda/Desktop/Doutorado PE/analises_individuais/DLNM MASS + OFFSET/RIO GRANDE DO SUL DLNM MASS + OFFSET/resultados/summaries/resultados_precip_tot_offset.RData",2,"unfiltered","individual","precip_tot",81606,201,57678.8618252034,60258.6061424286,0.347483902573603,0.0764011975375767,0.500207520618541,"C:/Users/DaniLinda/Desktop/Doutorado PE/analises_individuais/DLNM MASS + OFFSET/RIO GRANDE DO SUL DLNM MASS + OFFSET/resultados/sensibilidade_geocodes_mesmo_pipeline/unfiltered_same_pipeline/summaries/resultados_precip_tot_offset.RData",2,1492.329900176,2032.02834923076,20706,51,0.203496132850504
"filtered_lt10","temp_max","individual","temp_max",60900,150,56235.6921563621,58275.7380245325,0.344308884505165,3.04030967191782,1.33851020035946,"C:/Users/DaniLinda/Desktop/Doutorado PE/analises_individuais/DLNM MASS + OFFSET/RIO GRANDE DO SUL DLNM MASS + OFFSET/resultados/summaries/resultados_temp_max_offset.RData",3,"unfiltered","individual","temp_max",81606,201,57731.5400434589,60311.2843606842,0.344161018695669,3.52579604667703,1.4492140542576,"C:/Users/DaniLinda/Desktop/Doutorado PE/analises_individuais/DLNM MASS + OFFSET/RIO GRANDE DO SUL DLNM MASS + OFFSET/resultados/sensibilidade_geocodes_mesmo_pipeline/unfiltered_same_pipeline/summaries/resultados_temp_max_offset.RData",3,1495.84788709686,2035.54633615162,20706,51,0.110703853898138
"filtered_lt10","temp_max_precip_humid","combined","temp_max",60900,150,56241.7720441529,58335.7398295438,0.344777298429738,3.0943705409922,1.3248941817529,"C:/Users/DaniLinda/Desktop/Doutorado PE/analises_individuais/DLNM MASS + OFFSET/RIO GRANDE DO SUL DLNM MASS + OFFSET/resultados/summaries/resultados_temp_max_precip_humid_offset.RData",4,"unfiltered","combined","temp_max",81606,201,57735.6817001546,60371.103952284,0.344687249122075,3.60436929780878,1.44163146377977,"C:/Users/DaniLinda/Desktop/Doutorado PE/analises_individuais/DLNM MASS + OFFSET/RIO GRANDE DO SUL DLNM MASS + OFFSET/resultados/sensibilidade_geocodes_mesmo_pipeline/unfiltered_same_pipeline/summaries/resultados_temp_max_precip_humid_offset.RData",4,1493.9096560017,2035.36412274025,20706,51,0.116737282026863
"filtered_lt10","temp_med","individual","temp_med",60900,150,56268.3474908389,58308.3933590094,0.343451644601082,1.87630513805025,0.799765209061045,"C:/Users/DaniLinda/Desktop/Doutorado PE/analises_individuais/DLNM MASS + OFFSET/RIO GRANDE DO SUL DLNM MASS + OFFSET/resultados/summaries/resultados_temp_med_offset.RData",5,"unfiltered","individual","temp_med",81606,201,57760.7700538446,60340.5143710699,0.343277171847891,1.83914273308866,0.880271524394452,"C:/Users/DaniLinda/Desktop/Doutorado PE/analises_individuais/DLNM MASS + OFFSET/RIO GRANDE DO SUL DLNM MASS + OFFSET/resultados/sensibilidade_geocodes_mesmo_pipeline/unfiltered_same_pipeline/summaries/resultados_temp_med_offset.RData",5,1492.42256300578,2032.12101206054,20706,51,0.080506315333407
"filtered_lt10","rel_humid_med","individual","rel_humid_med",60900,150,56272.5157899835,58312.561658154,0.344516603964107,1.68973248234146,1.11108643440505,"C:/Users/DaniLinda/Desktop/Doutorado PE/analises_individuais/DLNM MASS + OFFSET/RIO GRANDE DO SUL DLNM MASS + OFFSET/resultados/summaries/resultados_rel_humid_med_offset.RData",6,"unfiltered","individual","rel_humid_med",81606,201,57765.8021009498,60345.546418175,0.34443991160603,1.70090263636329,1.08786407836943,"C:/Users/DaniLinda/Desktop/Doutorado PE/analises_individuais/DLNM MASS + OFFSET/RIO GRANDE DO SUL DLNM MASS + OFFSET/resultados/sensibilidade_geocodes_mesmo_pipeline/unfiltered_same_pipeline/summaries/resultados_rel_humid_med_offset.RData",6,1493.28631096622,2032.98476002098,20706,51,-0.0232223560356193
"filtered_lt10","temp_med_precip_humid","combined","temp_med",60900,150,56275.3495062296,58369.3172916205,0.343867404042862,1.95887159664319,0.785832513600205,"C:/Users/DaniLinda/Desktop/Doutorado PE/analises_individuais/DLNM MASS + OFFSET/RIO GRANDE DO SUL DLNM MASS + OFFSET/resultados/summaries/resultados_temp_med_precip_humid_offset.RData",7,"unfiltered","combined","temp_med",81606,201,57766.7645667452,60402.1868188746,0.343714147239272,1.9302413993397,0.864617585470145,"C:/Users/DaniLinda/Desktop/Doutorado PE/analises_individuais/DLNM MASS + OFFSET/RIO GRANDE DO SUL DLNM MASS + OFFSET/resultados/sensibilidade_geocodes_mesmo_pipeline/unfiltered_same_pipeline/summaries/resultados_temp_med_precip_humid_offset.RData",7,1491.41506051553,2032.86952725408,20706,51,0.0787850718699408
"filtered_lt10","temp_min","individual","temp_min",60900,150,56279.5171642373,58319.5630324078,0.343118550855101,0.913998751849929,0.678713231962213,"C:/Users/DaniLinda/Desktop/Doutorado PE/analises_individuais/DLNM MASS + OFFSET/RIO GRANDE DO SUL DLNM MASS + OFFSET/resultados/summaries/resultados_temp_min_offset.RData",8,"unfiltered","individual","temp_min",81606,201,57768.8359590741,60348.5802762993,0.34299718629454,0.929394451162434,0.733368738769077,"C:/Users/DaniLinda/Desktop/Doutorado PE/analises_individuais/DLNM MASS + OFFSET/RIO GRANDE DO SUL DLNM MASS + OFFSET/resultados/sensibilidade_geocodes_mesmo_pipeline/unfiltered_same_pipeline/summaries/resultados_temp_min_offset.RData",8,1489.31879483675,2029.01724389151,20706,51,0.0546555068068637
"filtered_lt10","temp_min_precip_humid","combined","temp_min",60900,150,56288.4995288417,58382.4673142325,0.34338094570043,0.927942646924383,0.682676143004629,"C:/Users/DaniLinda/Desktop/Doutorado PE/analises_individuais/DLNM MASS + OFFSET/RIO GRANDE DO SUL DLNM MASS + OFFSET/resultados/summaries/resultados_temp_min_precip_humid_offset.RData",9,"unfiltered","combined","temp_min",81606,201,57777.3246540866,60412.746906216,0.343282961583898,0.948497821143026,0.735519599144893,"C:/Users/DaniLinda/Desktop/Doutorado PE/analises_individuais/DLNM MASS + OFFSET/RIO GRANDE DO SUL DLNM MASS + OFFSET/resultados/sensibilidade_geocodes_mesmo_pipeline/unfiltered_same_pipeline/summaries/resultados_temp_min_precip_humid_offset.RData",9,1488.82512524497,2030.27959198352,20706,51,0.0528434561402643
