"indexP","lag","RR","RR_low","RR_high","state"
0.5,0,1.00923650417439,0.795429457122396,1.28051370519134,"GO"
0.5,1,1.04523592185307,0.902823356963786,1.21011283536816,"GO"
0.5,2,1.07816287570217,1.00711161593557,1.15422676905827,"GO"
0.5,3,1.10319367207423,1.04401385842695,1.16572808711406,"GO"
0.5,4,1.11523184625904,1.00605557746373,1.23625582797904,"GO"
0.5,5,1.10936189866066,0.963250537096194,1.27763626886728,"GO"
0.5,6,1.08149541526968,0.925834389504022,1.26332781165746,"GO"
0.5,7,1.03050931127781,0.894969748757383,1.18657579443856,"GO"
0.5,8,0.962326646328013,0.868476239715383,1.06631883738859,"GO"
0.5,9,0.884275892574218,0.837237635515,0.933956885140432,"GO"
0.5,10,0.802784671433574,0.74957825893518,0.859767770751796,"GO"
0.5,11,0.722949062477411,0.623925078299479,0.837689275708352,"GO"
0.5,12,0.648432833152928,0.510505258897451,0.823625480408997,"GO"
0.6,0,0.974745828481707,0.805444791566619,1.17963321644237,"GO"
0.6,1,1.01151784288817,0.89947976381498,1.13751124554659,"GO"
0.6,2,1.0458423814896,0.990138691294137,1.10467987620021,"GO"
0.6,3,1.07344544854737,1.02678922884093,1.1222216776736,"GO"
0.6,4,1.08974604063183,1.00318690130789,1.18377386260178,"GO"
0.6,5,1.09021643831532,0.973383279106543,1.22107283727323,"GO"
0.6,6,1.0709095317782,0.9453584934734,1.21313473478163,"GO"
0.6,7,1.03035248955498,0.920120763332463,1.15379012738195,"GO"
0.6,8,0.973355522457703,0.896413051317559,1.05690225248994,"GO"
0.6,9,0.906148289783612,0.867256778494192,0.946783863140788,"GO"
0.6,10,0.834369906880316,0.789780468747074,0.881476776213386,"GO"
0.6,11,0.762674176317431,0.67776574504347,0.858219677632374,"GO"
0.6,12,0.694592320971098,0.573442597062276,0.841337031506959,"GO"
0.7,0,0.946501744908528,0.818070628583127,1.09509560887976,"GO"
0.7,1,0.982981842301596,0.898571343570554,1.0753217417942,"GO"
0.7,2,1.01755911311763,0.975677660461866,1.06123834812266,"GO"
0.7,3,1.04653547007286,1.01131416206793,1.08298343996399,"GO"
0.7,4,1.06590496289857,1.00042862083699,1.13566661955479,"GO"
0.7,5,1.0716261917458,0.982606549567187,1.16871060481069,"GO"
0.7,6,1.06003092272978,0.963606456301692,1.1661042221074,"GO"
0.7,7,1.02944744299363,0.944112324227955,1.12249571442968,"GO"
0.7,8,0.98364910996506,0.923602340424892,1.04759973982952,"GO"
0.7,9,0.927761894378509,0.897117894418,0.959452640524132,"GO"
0.7,10,0.86656887492406,0.830926778725277,0.903739817050027,"GO"
0.7,11,0.804173565703079,0.734806253425011,0.880089303488218,"GO"
0.7,12,0.743852070149717,0.642495383317266,0.86119825392238,"GO"
0.8,0,0.928801850894813,0.836340304197462,1.03148547773676,"GO"
0.8,1,0.963100697309846,0.902782385620203,1.02744910394046,"GO"
0.8,2,0.995920428088979,0.965981670305406,1.02678708051608,"GO"
0.8,3,1.02420341673318,0.99904323899074,1.04999723526245,"GO"
0.8,4,1.04462581636434,0.998051727331452,1.09337328550353,"GO"
0.8,5,1.05378633271798,0.990145290636815,1.12151786765457,"GO"
0.8,6,1.04849402424716,0.97910102103211,1.12280520116622,"GO"
0.8,7,1.02707894743787,0.965216185693003,1.09290662538226,"GO"
0.8,8,0.992346371554422,0.948463351235739,1.03825974915553,"GO"
0.8,9,0.948287481801265,0.925621166865886,0.97150884220356,"GO"
0.8,10,0.898730961698628,0.871910220391228,0.926376733092216,"GO"
0.8,11,0.847087018006023,0.793872030531853,0.903869123079712,"GO"
0.8,12,0.796215571280113,0.716655057551119,0.884608612287226,"GO"
0.9,0,0.92584090694473,0.86401327928105,0.992092836449811,"GO"
0.9,1,0.955198607933476,0.915192145369062,0.996953902210461,"GO"
0.9,2,0.983379721590791,0.963446536328391,1.0037253136238,"GO"
0.9,3,1.00806681994664,0.991479344343271,1.02493180445471,"GO"
0.9,4,1.02675812686096,0.996456088484737,1.05798164440759,"GO"
0.9,5,1.03687877977492,0.995388457863512,1.0800985238016,"GO"
0.9,6,1.03595069267773,0.990494129522584,1.08349338544465,"GO"
0.9,7,1.02254307760589,0.981761833134753,1.06501832753179,"GO"
0.9,8,0.998562843507957,0.969401819265506,1.02860107400066,"GO"
0.9,9,0.966830182531416,0.951521658626506,0.982384997103514,"GO"
0.9,10,0.930113085214171,0.91157654025441,0.949026563414172,"GO"
0.9,11,0.89096739885699,0.853639348250877,0.929927735234497,"GO"
0.9,12,0.851644065199628,0.794625712413683,0.912753768798458,"GO"
1,0,0.941904642687931,0.905999340386778,0.979232893854353,"GO"
1,1,0.962513463499467,0.939508354583014,0.986081883038627,"GO"
1,2,0.982221741872012,0.970704515527528,0.993875617938989,"GO"
1,3,0.999580977025745,0.990197294191046,1.00905358507167,"GO"
1,4,1.01305957486028,0.996284360767722,1.03011724627017,"GO"
1,5,1.02108855205216,0.99815049338123,1.04455374018811,"GO"
1,6,1.02212992094198,0.99693619177875,1.04796032474334,"GO"
1,7,1.01523123790832,0.992514196749048,1.03846823531681,"GO"
1,8,1.00147039587074,0.985100163579961,1.01811266598586,"GO"
1,9,0.982477645923757,0.973704641232555,0.991329694719354,"GO"
1,10,0.959877481921457,0.948931042492335,0.970950194526196,"GO"
1,11,0.93522183627946,0.912946753193014,0.958040411442276,"GO"
1,12,0.90994748311702,0.875239337002909,0.946032001790896,"GO"
1.1,0,0.976131695233955,0.963749065575304,0.988673421822233,"GO"
1.1,1,0.984117419999235,0.976283425612584,0.992014276733479,"GO"
1.1,2,0.991682494107877,0.98775733784185,0.995623248184341,"GO"
1.1,3,0.998327006451512,0.995217048760134,1.00144668246198,"GO"
1.1,4,1.00353993759375,0.998115942472776,1.00899340797088,"GO"
1.1,5,1.00680506676275,0.999417611939146,1.01424712787717,"GO"
1.1,6,1.00760946368135,0.99949215303842,1.01579269853577,"GO"
1.1,7,1.00561871045552,0.998272369464716,1.01301911357165,"GO"
1.1,8,1.00117631322322,0.995845121294589,1.00653604534025,"GO"
1.1,9,0.994802064419255,0.991882114058043,0.997730610671038,"GO"
1.1,10,0.987016601962708,0.983251161076269,0.990796462913552,"GO"
1.1,11,0.978332955181846,0.970600887713201,0.986126618377527,"GO"
1.1,12,0.969250717091453,0.956973683221377,0.981685253266232,"GO"
1.2,0,1.02334500125819,1.01241539345219,1.03439260048111,"GO"
1.2,1,1.01578393295761,1.00894555466096,1.02266866005624,"GO"
1.2,2,1.00870982596617,1.00528852270601,1.01214277296416,"GO"
1.2,3,1.00254172055669,0.999906818405982,1.00518356606373,"GO"
1.2,4,0.997689943960997,0.993207417410626,1.00219270097272,"GO"
1.2,5,0.994560753004443,0.988497547299121,1.00066114895219,"GO"
1.2,6,0.993562673845936,0.986911745469138,1.00025842370599,"GO"
1.2,7,0.994972802440442,0.988935550679151,1.00104691040415,"GO"
1.2,8,0.998516806949377,0.994102972489077,1.00295023891133,"GO"
1.2,9,1.00378830480034,1.00131889995995,1.006263799569,"GO"
1.2,10,1.01038251085839,1.007099215027,1.013676510731,"GO"
1.2,11,1.01788988855035,1.01110566706689,1.02471963016353,"GO"
1.2,12,1.02589148653105,1.01496956283556,1.03693093928511,"GO"
1.3,0,1.07764036898048,1.04323074956295,1.11318494527016,"GO"
1.3,1,1.05296952966706,1.0316248497862,1.07475583845916,"GO"
1.3,2,1.03019062306823,1.01954945657411,1.04094285276152,"GO"
1.3,3,1.01050636701943,1.00250686102074,1.0185697050962,"GO"
1.3,4,0.995038822787471,0.981717817927212,1.00854058139106,"GO"
1.3,5,0.984873253384653,0.967012126435131,1.00306428297674,"GO"
1.3,6,0.981114837664661,0.961586667018145,1.00103959185573,"GO"
1.3,7,0.984536340885472,0.96676808152068,1.00263116361835,"GO"
1.3,8,0.994358159210527,0.98127167264384,1.00761917046333,"GO"
1.3,9,1.00946967796328,1.00201795277557,1.01697681953162,"GO"
1.3,10,1.02878168628434,1.01862972012713,1.03903482994975,"GO"
1.3,11,1.05116972466234,1.03010440708392,1.0726658214915,"GO"
1.3,12,1.0754303781261,1.04123111469422,1.11075291726763,"GO"
1.4,0,1.13185213321689,1.07393613055636,1.1928914718643,"GO"
1.4,1,1.09052605289117,1.05493215143247,1.1273209091405,"GO"
1.4,2,1.05281946589384,1.03521807499962,1.07072012606174,"GO"
1.4,3,1.02050417281385,1.0075027124587,1.03367341234148,"GO"
1.4,4,0.995153765434114,0.973791292130053,1.01698487639119,"GO"
1.4,5,0.978254000002451,0.949834821985093,1.0075234834208,"GO"
1.4,6,0.971338536596501,0.940380984281823,1.0033152184569,"GO"
1.4,7,0.975501983855383,0.947303729411937,1.00453961170038,"GO"
1.4,8,0.98956252427122,0.968688853267774,1.01088598897229,"GO"
1.4,9,1.01191575708887,0.999912788722213,1.02406280927086,"GO"
1.4,10,1.041022232163,1.02439785931185,1.05791639254853,"GO"
1.4,11,1.07527282036079,1.04057607296317,1.11112648872867,"GO"
1.4,12,1.11288129032835,1.05616470368423,1.17264358678396,"GO"
1.5,0,1.17780286088997,1.0973778862005,1.26412204634779,"GO"
1.5,1,1.12288690322183,1.07386285283816,1.17414900244914,"GO"
1.5,2,1.07320871019009,1.0492245282266,1.09774114561981,"GO"
1.5,3,1.0308652083176,1.01330532245282,1.04872939495408,"GO"
1.5,4,0.997640010391101,0.96891227059881,1.02721951257573,"GO"
1.5,5,0.97518020443449,0.937198084844042,1.01470163725222,"GO"
1.5,6,0.965205301924446,0.923979042493786,1.0082710018494,"GO"
1.5,7,0.968950292585596,0.931402110272287,1.00801217771263,"GO"
1.5,8,0.984933935253811,0.957068501675643,1.01361068211534,"GO"
1.5,9,1.01123419446368,0.995189824990139,1.02753722995785,"GO"
1.5,10,1.04604573818405,1.02366413566213,1.06891669665192,"GO"
1.5,11,1.08747460386548,1.04046892199649,1.13660388028039,"GO"
1.5,12,1.13337161945386,1.05621449091073,1.21616512444917,"GO"
1.6,0,1.21177169214407,1.11067657887685,1.32206860377536,"GO"
1.6,1,1.14771613836274,1.08644473076608,1.2124430235208,"GO"
1.6,2,1.0900307047279,1.06037379759857,1.12051706666124,"GO"
1.6,3,1.04093614740988,1.0192722678796,1.06306047670523,"GO"
1.6,4,1.00226166910857,0.9667323512885,1.03909675933098,"GO"
1.6,5,0.975664230072913,0.928891954996231,1.02479161836172,"GO"
1.6,6,0.962880591835139,0.91227946206228,1.01628839921148,"GO"
1.6,7,0.9651414685779,0.919109809114139,1.01347852577757,"GO"
1.6,8,0.980759011442633,0.946595059773949,1.01615598834377,"GO"
1.6,9,1.00761788809178,0.988046679253469,1.02757676304287,"GO"
1.6,10,1.04376109108544,1.01646675977762,1.07178833423163,"GO"
1.6,11,1.0871449507266,1.02955776918463,1.14795320793544,"GO"
1.6,12,1.13544044630803,1.04086210957472,1.23861268005896,"GO"
1.7,0,1.23364543652503,1.11397427919269,1.36617253332092,"GO"
1.7,1,1.16509435341955,1.09276714182702,1.24220870157258,"GO"
1.7,2,1.10338898164303,1.06870167559278,1.13920214837874,"GO"
1.7,3,1.05072676950097,1.02534427906609,1.076737605784,"GO"
1.7,4,1.00888430154799,0.966966728983107,1.05261898202059,"GO"
1.7,5,0.979445216246622,0.924408178217529,1.03775902705466,"GO"
1.7,6,0.964057541958427,0.904689622858885,1.027321327363,"GO"
1.7,7,0.963846013170747,0.909958269246549,1.02092499019143,"GO"
1.7,8,0.97700407726816,0.937094578291915,1.01861326392314,"GO"
1.7,9,1.00131867179285,0.978668445151376,1.02449311352417,"GO"
1.7,10,1.03475769883859,1.00334412285942,1.06715479854937,"GO"
1.7,11,1.07522320082589,1.00883469376942,1.14598054441861,"GO"
1.7,12,1.1203543167255,1.01168104307953,1.24070111186891,"GO"
1.8,0,1.24381851651888,1.10772456380283,1.3966328386942,"GO"
1.8,1,1.17532976047414,1.09305640294342,1.26379575851377,"GO"
1.8,2,1.11345871560192,1.07427994545666,1.1540663274905,"GO"
1.8,3,1.06025870453429,1.03146458037491,1.08985663873414,"GO"
1.8,4,1.01738325770775,0.969346333810722,1.0678006992557,"GO"
1.8,5,0.986288591147742,0.923286526686084,1.053589711224,"GO"
1.8,6,0.968460219418813,0.900677033489039,1.04134463489476,"GO"
1.8,7,0.964848288530077,0.90351394257132,1.03034626917883,"GO"
1.8,8,0.973631529112113,0.928392930616602,1.02107450759195,"GO"
1.8,9,0.992606033452233,0.967245689249728,1.01863130391413,"GO"
1.8,10,1.01975115168461,0.984919303683221,1.05581483424406,"GO"
1.8,11,1.05301568407331,0.979533681609398,1.13201011024197,"GO"
1.8,12,1.09015222597499,0.970722278212016,1.22427588453746,"GO"
1.9,0,1.24307272773969,1.09263171157776,1.41422749319521,"GO"
1.9,1,1.17889271655097,1.08764606648844,1.27779438546952,"GO"
1.9,2,1.12045742026725,1.07720254703741,1.16544918509958,"GO"
1.9,3,1.06955490173517,1.03757442973777,1.10252108671842,"GO"
1.9,4,1.02763949476865,0.973618253315562,1.08465810661635,"GO"
1.9,5,0.995982704975635,0.925113688754338,1.0722806944369,"GO"
1.9,6,0.975841849579174,0.899768797618042,1.05834667518038,"GO"
1.9,7,0.967949271975869,0.89938477391081,1.04174077691416,"GO"
1.9,8,0.97060469524328,0.920327767942311,1.02362821947078,"GO"
1.9,9,0.981760339523679,0.953977262745948,1.01035255440709,"GO"
1.9,10,0.999536272310756,0.961874024021248,1.03867318870731,"GO"
1.9,11,1.02206445975955,0.943046055989382,1.10770386373935,"GO"
1.9,12,1.04737292046201,0.920327528469012,1.19195612494825,"GO"
2,0,1.23249359260423,1.069615828455,1.42017387495532,"GO"
2,1,1.17638273327347,1.07697078674802,1.28497109872651,"GO"
2,2,1.12463748193248,1.07758924056907,1.17373987986321,"GO"
2,3,1.07863956845775,1.04361633081751,1.11483816828674,"GO"
2,4,1.03953703161794,0.979544520795344,1.10320380254652,"GO"
2,5,1.00833152632349,0.929514842560364,1.09383134128043,"GO"
2,6,0.985976200355145,0.901540858553108,1.07831947764074,"GO"
2,7,0.972961936123724,0.897215468793279,1.0551032188721,"GO"
2,8,0.96788770593273,0.912751522193536,1.02635447711375,"GO"
2,9,0.969067125052552,0.939070743147333,1.00002167005035,"GO"
2,10,0.97495051001844,0.934927150982758,1.01668723171218,"GO"
2,11,0.984036398667235,0.900846044367232,1.07490912565659,"GO"
2,12,0.994808977879034,0.862959643350755,1.1468032254974,"GO"
2.1,0,1.21338092950429,1.03976834025789,1.41598202511102,"GO"
2.1,1,1.16849455500154,1.06155661099204,1.28620509818339,"GO"
2.1,2,1.12627878922167,1.07558947757099,1.17935693636135,"GO"
2.1,3,1.08753811358066,1.04953716860141,1.12691497154567,"GO"
2.1,4,1.05296059669405,0.986900925579453,1.12344206946539,"GO"
2.1,5,1.02314807154588,0.936146469723546,1.11823524433864,"GO"
2.1,6,0.998649943275383,0.905608986210189,1.10124979366366,"GO"
2.1,7,0.979707164517313,0.896683327596135,1.07041817179728,"GO"
2.1,8,0.965445377627149,0.905533469920251,1.02932117712194,"GO"
2.1,9,0.954811998950132,0.922742291845832,0.987996281730484,"GO"
2.1,10,0.946841056377103,0.904814359248356,0.990819803949676,"GO"
2.1,11,0.940623149746837,0.854420791222415,1.03552244857457,"GO"
2.1,12,0.935284913221825,0.801047762873338,1.09201711738464,"GO"
2.2,0,1.18716141965918,1.00430086796485,1.40331675624574,"GO"
2.2,1,1.15598534608817,1.04200783740477,1.28243000906671,"GO"
2.2,2,1.12568170777883,1.07138609092776,1.18272891346813,"GO"
2.2,3,1.09627709613755,1.0552914178051,1.13885458674101,"GO"
2.2,4,1.06779344421612,0.995476139991487,1.14536430729587,"GO"
2.2,5,1.04024841553892,0.944690580355545,1.14547216679558,"GO"
2.2,6,1.01365578914946,0.911621592664805,1.12711026937468,"GO"
2.2,7,0.988010121400779,0.89749489514124,1.08765409728237,"GO"
2.2,8,0.963243110530849,0.898561168827369,1.0325811109732,"GO"
2.2,9,0.939276231743363,0.905215933148258,0.974618107361039,"GO"
2.2,10,0.916036822286659,0.872269407778304,0.962000331895522,"GO"
2.2,11,0.893457671225899,0.805208691217101,0.991378532024784,"GO"
2.2,12,0.8714766562523,0.736858425685441,1.03068857723411,"GO"
2.3,0,1.15530925019325,0.964490010869822,1.38388106516351,"GO"
2.3,1,1.13964460288263,1.01899005498428,1.27458537453493,"GO"
2.3,2,1.12316060247598,1.06519763304394,1.18427763996183,"GO"
2.3,3,1.10488417983055,1.06084416105142,1.15075248152368,"GO"
2.3,4,1.08391532309888,1.00507100716572,1.16894470069501,"GO"
2.3,5,1.05944617809891,0.954849980120843,1.1755000551462,"GO"
2.3,6,1.0307862553684,0.919253895416865,1.15585074978069,"GO"
2.3,7,0.997697017591568,0.899383118223664,1.10675786407586,"GO"
2.3,8,0.961246799055515,0.891741164141426,1.03616996259683,"GO"
2.3,9,0.922733060842381,0.886722002065057,0.96020658062918,"GO"
2.3,10,0.883325896064659,0.838006937998913,0.931095678660653,"GO"
2.3,11,0.844050273596067,0.754548242418324,0.944168741383969,"GO"
2.3,12,0.805780777682087,0.672398693049651,0.96562154030541,"GO"
2.4,0,1.11927897317694,0.92162136456344,1.35932766748464,"GO"
2.4,1,1.1202679477992,0.993209597171703,1.26358049543622,"GO"
2.4,2,1.1190380625831,1.05727816557826,1.18440560514635,"GO"
2.4,3,1.11338809404038,1.06617352992725,1.16269351391181,"GO"
2.4,4,1.10120059128087,1.01549775717814,1.19413630770295,"GO"
2.4,5,1.08054742006238,0.966344158952129,1.20824730629049,"GO"
2.4,6,1.04982797262576,0.928202918773494,1.18738990129859,"GO"
2.4,7,1.00859223440478,0.902104661572946,1.12764997082256,"GO"
2.4,8,0.959422754691201,0.884998852671266,1.04010532831862,"GO"
2.4,9,0.905444720312814,0.867494626074219,0.945055008873575,"GO"
2.4,10,0.849438646098646,0.802706811547809,0.898891105825538,"GO"
2.4,11,0.793744733552029,0.703638797266327,0.895389373765749,"GO"
2.4,12,0.740234088242378,0.609353501447987,0.899225989666026,"GO"
2.5,0,1.0804528264152,0.876936910042107,1.33119988079021,"GO"
2.5,1,1.09863551781108,0.965390637415789,1.25027108635214,"GO"
2.5,2,1.11363994030293,1.04791387550713,1.18348840074069,"GO"
2.5,3,1.1218186019155,1.07127222554197,1.17474993339529,"GO"
2.5,4,1.11951647597044,1.0265789682838,1.2208677351578,"GO"
2.5,5,1.10334591939245,0.978905478675643,1.24360548016029,"GO"
2.5,6,1.07055648352945,0.938182952497407,1.22160734361681,"GO"
2.5,7,1.02051578492094,0.905437144510906,1.15022061286802,"GO"
2.5,8,0.95773764093345,0.878277501744289,1.04438675366164,"GO"
2.5,9,0.887660178778522,0.847768357472311,0.929429113559305,"GO"
2.5,10,0.815036263174488,0.767000369819971,0.866080560620007,"GO"
2.5,11,0.743693186129328,0.653513956546542,0.846316363338144,"GO"
2.5,12,0.676478519071836,0.549056219285161,0.833472367112829,"GO"
2.6,0,1.0401031142277,0.831590012310392,1.30089884704192,"GO"
2.6,1,1.07549526281529,0.936251971310536,1.23544739640873,"GO"
2.6,2,1.10729127221042,1.03741677365456,1.18187211991392,"GO"
2.6,3,1.13020647609667,1.07614793675254,1.18698055814289,"GO"
2.6,4,1.13872148753448,1.03814618588211,1.24904049526605,"GO"
2.6,5,1.1276188303401,0.99227547959525,1.28142260157053,"GO"
2.6,6,1.09273152573265,0.948921256986499,1.2583364304874,"GO"
2.6,7,1.03328110703085,0.909176208813974,1.1743266440503,"GO"
2.6,8,0.956158419970272,0.871536544157147,1.04899666021945,"GO"
2.6,9,0.869613550641344,0.827774308042215,0.91356752693571,"GO"
2.6,10,0.780704266486372,0.73145929929226,0.83326461540616,"GO"
2.6,11,0.694847255989614,0.605027631126752,0.798001090061205,"GO"
2.6,12,0.615762746567708,0.492488657990343,0.769893385175261,"GO"
2.7,0,0.99936896241609,0.786611422152943,1.26967177810244,"GO"
2.7,1,1.05155114262773,0.906485799621544,1.21983135976684,"GO"
2.7,2,1.10031311797718,1.02611650217997,1.17987475595663,"GO"
2.7,3,1.13858348261145,1.08082268372702,1.19943110594731,"GO"
2.7,4,1.15866400145172,1.05003820957405,1.27852706312915,"GO"
2.7,5,1.153122759375,1.00620126146663,1.32149714884124,"GO"
2.7,6,1.11609282875596,0.960153958223251,1.29735777448189,"GO"
2.7,7,1.04669319589934,0.913132454427508,1.19978940736353,"GO"
2.7,8,0.954652310889782,0.864749356598275,1.05390195174274,"GO"
2.7,9,0.851523132235186,0.807736257658906,0.89768366574652,"GO"
2.7,10,0.746950322087126,0.696587815719777,0.800953980352861,"GO"
2.7,11,0.647962220284261,0.558851946304738,0.751281339703459,"GO"
2.7,12,0.558970643271163,0.440304729113561,0.70961804264063,"GO"
2.8,0,0.959245882362463,0.742888117679796,1.23861539972288,"GO"
2.8,1,1.02745596562763,0.876740490131258,1.20408008206141,"GO"
2.8,2,1.09302032226883,1.0143516249195,1.17779022140124,"GO"
2.8,3,1.14698237345806,1.08533129343608,1.21213547695516,"GO"
2.8,4,1.17918102890548,1.06209913082013,1.30916960440114,"GO"
2.8,5,1.17959031992336,1.02043199324887,1.36357281236042,"GO"
2.8,6,1.14035648694181,0.971622183865524,1.33839360494702,"GO"
2.8,7,1.06054709487198,0.917128356291514,1.22639337528441,"GO"
2.8,8,0.95318675921487,0.857900758492589,1.05905606091196,"GO"
2.8,9,0.833591005563273,0.787867187221053,0.881968402576748,"GO"
2.8,10,0.714205633669873,0.662818614090944,0.769576587503314,"GO"
2.8,11,0.603610813800248,0.51548532307213,0.706801917007472,"GO"
2.8,12,0.506666856432,0.392870774718842,0.653424280771204,"GO"
0.8,0,0.297578101938715,0.220476298641071,0.401642840066041,"PE"
0.8,1,0.453501388166065,0.378816644423759,0.542910434628329,"PE"
0.8,2,0.674986953042457,0.625979855755851,0.727830748207398,"PE"
0.8,3,0.958275419365718,0.897384943823017,1.02329751093044,"PE"
0.8,4,1.26736770605129,1.10829085965581,1.44927740614998,"PE"
0.8,5,1.52500528808523,1.26791081545978,1.83423084678441,"PE"
0.8,6,1.63055552918954,1.3317459521657,1.99641029841085,"PE"
0.8,7,1.52494707822558,1.27098982684477,1.82964768267397,"PE"
0.8,8,1.26727095636931,1.11328623218713,1.44255415222565,"PE"
0.8,9,0.958165690667171,0.900419882091103,1.01961485861416,"PE"
0.8,10,0.674883901212937,0.619384552742147,0.735356214648782,"PE"
0.8,11,0.453414843426905,0.373382974793603,0.550600948941197,"PE"
0.8,12,0.29750995662746,0.216702327099731,0.408450502018551,"PE"
0.9,0,0.477892305082169,0.397933676382208,0.573917385764036,"PE"
0.9,1,0.618504125649145,0.554189641740557,0.690282395469424,"PE"
0.9,2,0.789021081411207,0.753546832669311,0.826165328976326,"PE"
0.9,3,0.977915881228749,0.939094681474231,1.01834190910136,"PE"
0.9,4,1.16068593010251,1.06890291895373,1.26035003221489,"PE"
0.9,5,1.30035434318249,1.16110576658834,1.45630266121403,"PE"
0.9,6,1.35542633639746,1.19715026291606,1.53462820024344,"PE"
0.9,7,1.30190602604958,1.1641752999681,1.4559313367245,"PE"
0.9,8,1.16345762235237,1.0743503604137,1.25995549393085,"PE"
0.9,9,0.981420833728666,0.944496170212939,1.01978905076928,"PE"
0.9,10,0.792793910429076,0.75264246655912,0.835087325442665,"PE"
0.9,11,0.622203176695037,0.552915958659713,0.700172941341444,"PE"
0.9,12,0.481324075709295,0.396842714927674,0.583790144414343,"PE"
1,0,0.707303375026459,0.646073313274657,0.774336370261346,"PE"
1,1,0.799151753301227,0.756845244213099,0.843823132519555,"PE"
1,2,0.896808687158277,0.87638576779822,0.917707533502219,"PE"
1,3,0.992806024264013,0.972858902260224,1.01316213432898,"PE"
1,4,1.07688684575063,1.03380950066667,1.12175916143439,"PE"
1,5,1.13674704801382,1.07476309797238,1.20230574868636,"PE"
1,6,1.15982566970225,1.09064194923165,1.2333979864317,"PE"
1,7,1.13864427115778,1.07718801232032,1.2036067626186,"PE"
1,8,1.08048447920186,1.03840391647633,1.12427032609591,"PE"
1,9,0.997785285020754,0.978653393481938,1.01729118974574,"PE"
1,10,0.902810762975192,0.880238134943728,0.925962238384449,"PE"
1,11,0.805842945552872,0.760700349811578,0.853664459413196,"PE"
1,12,0.71441590151455,0.650013227567654,0.785199529318387,"PE"
1.1,0,0.921100538380666,0.896407729400374,0.946473545439733,"PE"
1.1,1,0.94866944386812,0.933171421816239,0.964424855593436,"PE"
1.1,2,0.975475248048092,0.9684587094589,0.982542621859573,"PE"
1.1,3,0.999780187426845,0.993717159336923,1.00588020824581,"PE"
1.1,4,1.01970181928226,1.00752933214712,1.03202136858057,"PE"
1.1,5,1.03327452781699,1.01634175380213,1.05048941051701,"PE"
1.1,6,1.03854562126895,1.01984536235907,1.05758877499034,"PE"
1.1,7,1.03426478511322,1.01738914969565,1.05142034003931,"PE"
1.1,8,1.02165725513909,1.00959917499569,1.03385935015527,"PE"
1.1,9,1.00265741528064,0.996700698955631,1.0086497315299,"PE"
1.1,10,0.979220084400375,0.971933286994793,0.986561512527161,"PE"
1.1,11,0.953224037894205,0.937296012771124,0.969422737362279,"PE"
1.1,12,0.926409764617852,0.901157031807951,0.95237014381108,"PE"
1.2,0,1.05057235616573,1.02760170391906,1.07405648640939,"PE"
1.2,1,1.03198452290056,1.01815284902066,1.0460041009861,"PE"
1.2,2,1.01471135380169,1.00861618392016,1.02084335741292,"PE"
1.2,3,0.999668705870399,0.994853723627072,1.00450699209647,"PE"
1.2,4,0.987724977174294,0.978373454622666,0.997165883767998,"PE"
1.2,5,0.979725604357283,0.966928186587175,0.992692397582418,"PE"
1.2,6,0.976525264069967,0.962469783734968,0.99078600438381,"PE"
1.2,7,0.978711127892917,0.965921596245128,0.991670002601681,"PE"
1.2,8,0.985680517061389,0.976337937980214,0.995112495294735,"PE"
1.2,9,0.996566539446588,0.991755983167588,1.00140042954167,"PE"
1.2,10,1.01051506449381,1.00446188018855,1.0166047270776,"PE"
1.2,11,1.02665263133577,1.01291985767546,1.04057158860279,"PE"
1.2,12,1.04406221228203,1.02126823631693,1.06736493347372,"PE"
1.3,0,1.15460938538999,1.08093439588453,1.23330596001596,"PE"
1.3,1,1.09759775744565,1.05436333444531,1.14260501839579,"PE"
1.3,2,1.04626203285768,1.02786174483335,1.06499171401399,"PE"
1.3,3,1.00280380850969,0.988812326388644,1.01699326709878,"PE"
1.3,4,0.969078291264763,0.94214101643881,0.996785744612177,"PE"
1.3,5,0.946800030855474,0.910498347429895,0.984549066956927,"PE"
1.3,6,0.937785033580976,0.89817850179948,0.979138074944492,"PE"
1.3,7,0.943380116105879,0.9071567795363,0.981049873119896,"PE"
1.3,8,0.962090163837806,0.93524438261548,0.989706541476249,"PE"
1.3,9,0.991976398154781,0.978040897325841,1.00611045733019,"PE"
1.3,10,1.03122702323255,1.01330144522246,1.04946970959032,"PE"
1.3,11,1.07791740694939,1.03577800263096,1.12177120314697,"PE"
1.3,12,1.12981103563494,1.05811638145371,1.20636349518453,"PE"
1.4,0,1.28088168584416,1.15624283556935,1.41895615925964,"PE"
1.4,1,1.17769259781907,1.10672419017508,1.25321183658092,"PE"
1.4,2,1.08773233064185,1.05887852506606,1.11737238513714,"PE"
1.4,3,1.01378638478656,0.99244119381387,1.03559066308907,"PE"
1.4,4,0.957794544932017,0.916780527799237,1.00064340644724,"PE"
1.4,5,0.921439688810096,0.867024072982002,0.979270503060267,"PE"
1.4,6,0.906770291359458,0.84782422711459,0.969814656146863,"PE"
1.4,7,0.915534903680476,0.86139395599495,0.973078756849477,"PE"
1.4,8,0.945558367149341,0.904923571967868,0.988017831983136,"PE"
1.4,9,0.994421323862896,0.973361495406213,1.01593680664402,"PE"
1.4,10,1.06011749784037,1.03236414651222,1.08861695073795,"PE"
1.4,11,1.14043858447257,1.07224288829462,1.21297159361195,"PE"
1.4,12,1.23241496860997,1.11314847186726,1.36446008168714,"PE"
1.5,0,1.43415738595358,1.25505979077406,1.63881228831071,"PE"
1.5,1,1.27435614394811,1.17557683846932,1.38143550338472,"PE"
1.5,2,1.13958545645467,1.1013012918194,1.17920048056744,"PE"
1.5,3,1.03211272964758,1.0046054451513,1.06037319610599,"PE"
1.5,4,0.952782132166604,0.8999968721097,1.00866327373779,"PE"
1.5,5,0.902211554167584,0.833268821124364,0.976858449323884,"PE"
1.5,6,0.881928858281648,0.807791718030862,0.962870123211953,"PE"
1.5,7,0.893738561732697,0.825380173978936,0.967758424432926,"PE"
1.5,8,0.934970327526452,0.883047399846428,0.989946308099598,"PE"
1.5,9,1.00330614145953,0.976468244426488,1.03088166894934,"PE"
1.5,10,1.09737571831748,1.06088315933275,1.13512355866806,"PE"
1.5,11,1.21562991073196,1.1219200034764,1.31716706653523,"PE"
1.5,12,1.35521901389894,1.1866268777892,1.54776417929704,"PE"
1.6,0,1.61887081953081,1.37787001039666,1.90202465439675,"PE"
1.6,1,1.38923330765238,1.26053264899035,1.53107433166179,"PE"
1.6,2,1.20201533144228,1.15435970108642,1.25163833739387,"PE"
1.6,3,1.05727626272352,1.02415630642965,1.09146727770055,"PE"
1.6,4,0.953196500122347,0.889898552831352,1.02099679222389,"PE"
1.6,5,0.888103754894774,0.806744394010181,0.977668125510697,"PE"
1.6,6,0.862192242249654,0.775358054553511,0.958751196598527,"PE"
1.6,7,0.876970271172377,0.796614589536822,0.96543154823127,"PE"
1.6,8,0.929447297697608,0.867692852299097,0.995596860004565,"PE"
1.6,9,1.01800984224345,0.986084946383133,1.05096831941887,"PE"
1.6,10,1.14286430082106,1.09764274365038,1.18994893160542,"PE"
1.6,11,1.30431056540145,1.18360976458995,1.43732005422179,"PE"
1.6,12,1.50085655005472,1.27759634238863,1.7631315221447,"PE"
1.7,0,1.84021631742881,1.5251163745427,2.22041816051357,"PE"
1.7,1,1.52419459300374,1.36117197981477,1.70674183115198,"PE"
1.7,2,1.27528227317118,1.21725319653144,1.33607772064096,"PE"
1.7,3,1.08883221803403,1.05001412348514,1.12908538324597,"PE"
1.7,4,0.958293856035167,0.884871729906148,1.03780817431262,"PE"
1.7,5,0.878241412974068,0.785428504124508,0.982021884121001,"PE"
1.7,6,0.846644234253294,0.748349517581725,0.957849831601003,"PE"
1.7,7,0.864349550689795,0.773072610099692,0.966403590060329,"PE"
1.7,8,0.928217389946417,0.857231986637333,1.00508093075095,"PE"
1.7,9,1.03797634964841,1.00102314412814,1.0762936988513,"PE"
1.7,10,1.19648791536184,1.14143041752013,1.25420114063298,"PE"
1.7,11,1.40740117325209,1.25608671226011,1.57694372779988,"PE"
1.7,12,1.67232956547062,1.38498415394171,2.01929109989287,"PE"
1.8,0,2.10416881289722,1.69712690920305,2.60883636289074,"PE"
1.8,1,1.6812870443572,1.47702454432927,1.9137976659738,"PE"
1.8,2,1.35966151300845,1.28916501285493,1.4340130328719,"PE"
1.8,3,1.12635436011281,1.08115126516665,1.17344740317126,"PE"
1.8,4,0.967391434412342,0.883534912218093,1.05920680035716,"PE"
1.8,5,0.871846513041514,0.767688093646165,0.99013694310725,"PE"
1.8,6,0.83448029758073,0.725047474484085,0.960430029145228,"PE"
1.8,7,0.85509722175297,0.753126661586666,0.970874218035509,"PE"
1.8,8,0.93057880901765,0.850284253181638,1.01845578881692,"PE"
1.8,9,1.06267735455853,1.02017228593201,1.10695337980076,"PE"
1.8,10,1.25815065005414,1.19111195827239,1.32896244323463,"PE"
1.8,11,1.52587574195812,1.33814204840662,1.73994740145013,"PE"
1.8,12,1.87298087234662,1.50761432646021,2.32689308306921,"PE"
1.9,0,2.41746958759979,1.89417785242801,3.08532759977036,"PE"
1.9,1,1.86266561465919,1.6076250536775,2.15816690844487,"PE"
1.9,2,1.45538672901429,1.36933294741803,1.54684843812809,"PE"
1.9,3,1.16939489398613,1.11661123427609,1.22467370567644,"PE"
1.9,4,0.979834846521957,0.884720246780497,1.08517503691413,"PE"
1.9,5,0.868206648411776,0.752236061112039,1.002056167358,"PE"
1.9,6,0.824976368088499,0.704131318174686,0.966561194393069,"PE"
1.9,7,0.848505196739577,0.73550050206484,0.978872301069617,"PE"
1.9,8,0.935870330407292,0.845695565238816,1.03566024387194,"PE"
1.9,9,1.09157955100009,1.04252620449784,1.14294097454893,"PE"
1.9,10,1.32771238948312,1.24573003033306,1.41509006467129,"PE"
1.9,11,1.66070270930708,1.42868217296726,1.93040379510851,"PE"
1.9,12,2.10644156267017,1.64434326434614,2.69840011702709,"PE"
2,0,2.78755801744797,2.11663185726222,3.67115314549279,"PE"
2,1,2.07049826410042,1.75258748426267,2.44607650125176,"PE"
2,2,1.56258661463499,1.45710533100326,1.67570379181529,"PE"
2,3,1.21744647236822,1.15553090750887,1.28267959208219,"PE"
2,4,0.994971112311883,0.887460547147588,1.11550594279039,"PE"
2,5,0.866650838560015,0.738095318681351,1.01759712731769,"PE"
2,6,0.817465096386445,0.684630154658799,0.976073255410633,"PE"
2,7,0.84391328721478,0.719231520571639,0.990209155143275,"PE"
2,8,0.943447630814681,0.84252420220642,1.0564603720093,"PE"
2,9,1.12411531658582,1.06721080504012,1.18405402101914,"PE"
2,10,1.40494315481875,1.30453809544518,1.51307598847733,"PE"
2,11,1.81277201003391,1.52681063472933,2.15229202994446,"PE"
2,12,2.37654419235407,1.7942270373868,3.14785262986439,"PE"
2.1,0,3.22242623901754,2.36505888881969,4.39060139897447,"PE"
2.1,1,2.30683826779259,1.91163721410566,2.78374094963512,"PE"
2.1,2,1.68121335432801,1.55192732022878,1.82126978881599,"PE"
2.1,3,1.26990595109007,1.19713386831509,1.34710174634331,"PE"
2.1,4,1.01212662845177,0.890966773088008,1.14976264319113,"PE"
2.1,5,0.86653125255554,0.724553797576513,1.03632941289798,"PE"
2.1,6,0.811318201403912,0.665866346868613,0.988542561168299,"PE"
2.1,7,0.840691837992939,0.703624729067307,1.00445981681854,"PE"
2.1,8,0.9526646527134,0.84001831254964,1.080416851598,"PE"
2.1,9,1.15965648048759,1.0934797591545,1.2298381762244,"PE"
2.1,10,1.48947504808399,1.36694805651235,1.62298480055285,"PE"
2.1,11,1.98280565439432,1.6318442209635,2.40924851318024,"PE"
2.1,12,2.68719131350681,1.95663054197875,3.69052664796075,"PE"
2.2,0,3.73037032480138,2.64027581688144,5.27053373408361,"PE"
2.2,1,2.57345801897132,2.08457587283329,3.1769945444137,"PE"
2.2,2,1.81096294123283,1.65326441799363,1.98370371903286,"PE"
2.2,3,1.32604025480991,1.24069034408063,1.4172615800273,"PE"
2.2,4,1.0305898429711,0.894592964525475,1.18726109700469,"PE"
2.2,5,0.867210139936583,0.711108829776844,1.05757852429541,"PE"
2.2,6,0.805934061782457,0.647389882976114,1.00330531727684,"PE"
2.2,7,0.838229432414593,0.688196574326664,1.02097076268295,"PE"
2.2,8,0.962859623430924,0.837581273631503,1.10687605325023,"PE"
2.2,9,1.19749134827757,1.12067517386099,1.27957285272878,"PE"
2.2,10,1.58075221150167,1.43243707400374,1.74442396075605,"PE"
2.2,11,2.17125025052802,1.74326401062251,2.70431077661869,"PE"
2.2,12,3.0421687439102,2.13124345301436,4.34243711263229,"PE"
0.5,0,1.54043902801511,0.961552116108844,2.46783544987125,"RJ"
0.5,1,1.28283045895015,0.957710909273131,1.71832018459437,"RJ"
0.5,2,1.07439171233347,0.932970838877512,1.237249336667,"RJ"
0.5,3,0.910108791277995,0.811565191069132,1.02061796276688,"RJ"
0.5,4,0.784205491946886,0.639175940021203,0.96214236971945,"RJ"
0.5,5,0.69125931409186,0.523463620632294,0.91284173433402,"RJ"
0.5,6,0.626895707488884,0.462041890783436,0.85056839197334,"RJ"
0.5,7,0.587135766904955,0.445334533580961,0.774088651978297,"RJ"
0.5,8,0.565750520258595,0.462628166358613,0.691859412046177,"RJ"
0.5,9,0.557681108990261,0.499333880200674,0.6228462190461,"RJ"
0.5,10,0.559181525758977,0.48463282304085,0.645197691704388,"RJ"
0.5,11,0.567096503379099,0.421070161748902,0.763764506155106,"RJ"
0.5,12,0.578401966638283,0.358365353966177,0.933541234688128,"RJ"
0.6,0,1.31733544432165,0.934188774091548,1.85762526910439,"RJ"
0.6,1,1.16613682284644,0.941566961324118,1.44426806106917,"RJ"
0.6,2,1.03580313901869,0.932346591976084,1.1507395983794,"RJ"
0.6,3,0.926305194794134,0.849608201742303,1.00992588365202,"RJ"
0.6,4,0.836863682568277,0.719988021108974,0.972711771125061,"RJ"
0.6,5,0.766396775828716,0.625342290312541,0.939268025047677,"RJ"
0.6,6,0.713880509309039,0.571260873297453,0.89210622570675,"RJ"
0.6,7,0.677880814954851,0.553921143227993,0.829580897753733,"RJ"
0.6,8,0.6547176801812,0.564914002971308,0.758797336386125,"RJ"
0.6,9,0.640992755594187,0.589945219364488,0.696457398479874,"RJ"
0.6,10,0.633980526634706,0.569551866814263,0.705697464218993,"RJ"
0.6,11,0.631317573358076,0.507154491769759,0.785878632445734,"RJ"
0.6,12,0.630803973504486,0.444260853673768,0.895675704259207,"RJ"
0.7,0,1.15184592468269,0.916131610892253,1.44820789767963,"RJ"
0.7,1,1.0755303674456,0.931883402641554,1.24132007074989,"RJ"
0.7,2,1.00575121779626,0.935398577238359,1.0813951792455,"RJ"
0.7,3,0.943273563382353,0.888108646964904,1.00186505155287,"RJ"
0.7,4,0.888594390600632,0.803034036117271,0.983270889518808,"RJ"
0.7,5,0.842030617640799,0.735104815982291,0.964509476239952,"RJ"
0.7,6,0.803804094443027,0.69289541778789,0.93246542790843,"RJ"
0.7,7,0.773743406482246,0.676321146399428,0.885199083692671,"RJ"
0.7,8,0.750311707067859,0.679712460593098,0.828243838978405,"RJ"
0.7,9,0.731888454088495,0.690951801071327,0.775250471013319,"RJ"
0.7,10,0.717078791570272,0.665743614075255,0.772372400498546,"RJ"
0.7,11,0.704641253738815,0.607823558305331,0.816880638609915,"RJ"
0.7,12,0.693439946811353,0.548232697258932,0.877107407562416,"RJ"
0.8,0,1.04507563601436,0.91478418182756,1.19392432301229,"RJ"
0.8,1,1.01617840194779,0.934139317789471,1.10542241924763,"RJ"
0.8,2,0.988238098017023,0.945506838317947,1.03290055533569,"RJ"
0.8,3,0.961373210483303,0.926492405582905,0.997567216164591,"RJ"
0.8,4,0.935687064908338,0.881778041971302,0.992891909033582,"RJ"
0.8,5,0.911269463604411,0.842236466209125,0.985960675670485,"RJ"
0.8,6,0.88819839984262,0.815095705188195,0.967857384674655,"RJ"
0.8,7,0.866495669148811,0.801585923014779,0.93666158935254,"RJ"
0.8,8,0.845998871467313,0.79867298595103,0.896129083008512,"RJ"
0.8,9,0.826515024951423,0.79799969387678,0.856049308931105,"RJ"
0.8,10,0.807867074692631,0.771901448039267,0.845508467473725,"RJ"
0.8,11,0.789892253958444,0.723705935278049,0.86213162342497,"RJ"
0.8,12,0.772440785707646,0.673092171935714,0.886453285749446,"RJ"
0.9,0,0.998389320759576,0.942147757688675,1.05798822708247,"RJ"
0.9,1,0.992952635700593,0.956793556893267,1.03047823602217,"RJ"
0.9,2,0.987246757214903,0.96749028511293,1.00740666302151,"RJ"
0.9,3,0.98097977318949,0.964662655079209,0.997572892803533,"RJ"
0.9,4,0.973868055523386,0.949114191995524,0.999267524990684,"RJ"
0.9,5,0.965638329457224,0.933496010630788,0.998887378947502,"RJ"
0.9,6,0.956030519163891,0.921472139027291,0.991884957626169,"RJ"
0.9,7,0.944896599710974,0.913878583509,0.976967400545904,"RJ"
0.9,8,0.932480375598953,0.909608268057,0.955927602477199,"RJ"
0.9,9,0.919114088240648,0.904633248032827,0.933826729273368,"RJ"
0.9,10,0.905117321673738,0.886397532814507,0.924232452895691,"RJ"
0.9,11,0.890794410781599,0.856884159499981,0.926046623084708,"RJ"
0.9,12,0.876432891029548,0.825126430181336,0.93092959379522,"RJ"
1,0,1.00079174355759,0.997556393359858,1.00403758688732,"RJ"
1,1,1.00085048561735,0.998760808164384,1.00294453524014,"RJ"
1,2,1.00093895383133,0.999774660004848,1.00210460354346,"RJ"
1,3,1.00108688318064,1.00013551886933,1.00203915246336,"RJ"
1,4,1.00132403416731,0.99990464370079,1.00274543949526,"RJ"
1,5,1.00168021490576,0.999822868866978,1.00354101129001,"RJ"
1,6,1.00218531208786,1.00016681568662,1.00420788213727,"RJ"
1,7,1.00285940409772,1.00102883117241,1.00469332457619,"RJ"
1,8,1.00368296161244,1.00231555917463,1.00505222952007,"RJ"
1,9,1.00462651895688,1.00372359104881,1.00553025911925,"RJ"
1,10,1.00566054941437,1.00444915499154,1.00687340481354,"RJ"
1,11,1.00675543413048,1.00454965550799,1.00896605617638,"RJ"
1,12,1.00788143973382,1.00448085808493,1.01129353375296,"RJ"
1.1,0,1.01291277810123,0.956715925996519,1.07241059562384,"RJ"
1.1,1,1.0138337552405,0.976983138552218,1.05207433240682,"RJ"
1.1,2,1.01528986003747,0.994351459464313,1.03666916771083,"RJ"
1.1,3,1.01781901672849,1.00081969928303,1.03510707428749,"RJ"
1.1,4,1.02196703711257,0.996988489088968,1.04757139763872,"RJ"
1.1,5,1.02829479048739,0.995614615652742,1.06204766334237,"RJ"
1.1,6,1.03738844992195,1.00164805211544,1.07440412204531,"RJ"
1.1,7,1.04968891197149,1.01688506879762,1.08355097908825,"RJ"
1.1,8,1.06493435170027,1.03998301356644,1.09048432391422,"RJ"
1.1,9,1.08267842675901,1.06558164212031,1.10004952172122,"RJ"
1.1,10,1.10245772568455,1.07883767058687,1.12659491789935,"RJ"
1.1,11,1.12378082460847,1.08079603613014,1.16847517897969,"RJ"
1.1,12,1.14611948114865,1.07960940466709,1.21672695642506,"RJ"
1.2,0,0.994491845117015,0.896486872685718,1.10321083346299,"RJ"
1.2,1,1.00451048953018,0.938970699949345,1.07462493092765,"RJ"
1.2,2,1.01516940515757,0.97705564384438,1.05476993829444,"RJ"
1.2,3,1.02703242255271,0.995724703665096,1.05932452322612,"RJ"
1.2,4,1.04069189224555,0.994885188264122,1.08860763770672,"RJ"
1.2,5,1.05677703282379,0.996667756241309,1.12051151460494,"RJ"
1.2,6,1.07596596416085,1.00977811120948,1.14649222753097,"RJ"
1.2,7,1.09880730146876,1.03746249359405,1.16377940717489,"RJ"
1.2,8,1.12511913836555,1.07783900186957,1.17447325001292,"RJ"
1.2,9,1.15451256978665,1.1212572275197,1.18875423148339,"RJ"
1.2,10,1.18656409530947,1.13988594156622,1.2351537122592,"RJ"
1.2,11,1.22080227174296,1.1363434141974,1.31153854378205,"RJ"
1.2,12,1.25669604798695,1.12639188163256,1.40207416510944,"RJ"
1.3,0,0.936737567620568,0.810297546354986,1.08290747582652,"RJ"
1.3,1,0.966374126848048,0.879337895143691,1.06202514209708,"RJ"
1.3,2,0.996811255016328,0.944614482814157,1.05189227584891,"RJ"
1.3,3,1.02792431263381,0.983874681308621,1.07394611587962,"RJ"
1.3,4,1.05957131533125,0.994551065388733,1.12884236048149,"RJ"
1.3,5,1.09159208809804,1.00551211016354,1.1850412091053,"RJ"
1.3,6,1.1238076424194,1.02819144565421,1.22831562400003,"RJ"
1.3,7,1.15607281033317,1.06677048800512,1.25285087825303,"RJ"
1.3,8,1.18844697185415,1.11910783408776,1.26208231404314,"RJ"
1.3,9,1.22105594357629,1.17156576651946,1.27263672253964,"RJ"
1.3,10,1.25404223857024,1.18437585193912,1.32780648435502,"RJ"
1.3,11,1.28756550618014,1.16332415708103,1.42507565291575,"RJ"
1.3,12,1.32180315857042,1.13260638283331,1.54260440033551,"RJ"
1.4,0,0.853141259605524,0.709339709852542,1.02609511173794,"RJ"
1.4,1,0.907730698066678,0.805053514197828,1.02350341397322,"RJ"
1.4,2,0.964507006825834,0.900730131041649,1.03279965236681,"RJ"
1.4,3,1.0220645501865,0.966285977579757,1.08106292441951,"RJ"
1.4,4,1.07866881878093,0.994535991378002,1.16991886738869,"RJ"
1.4,5,1.13226236571974,1.01921309912692,1.25785085172419,"RJ"
1.4,6,1.18050397956565,1.05356844901626,1.32273289606532,"RJ"
1.4,7,1.22139873311967,1.10210781987588,1.35360156090204,"RJ"
1.4,8,1.2551883804976,1.16234979417835,1.35544212114725,"RJ"
1.4,9,1.28294932792289,1.21651334890426,1.3530134950844,"RJ"
1.4,10,1.30601137065228,1.21313762937888,1.40599521354089,"RJ"
1.4,11,1.32589455386593,1.16358819726625,1.5108406669143,"RJ"
1.4,12,1.34426008221036,1.10226943107902,1.63937701407113,"RJ"
1.5,0,0.757444020304398,0.604670290679318,0.948816987932947,"RJ"
1.5,1,0.837344329712309,0.723493539353542,0.969110971091527,"RJ"
1.5,2,0.922915553899039,0.849462076338372,1.00272059619231,"RJ"
1.5,3,1.01118012520565,0.944256388331348,1.0828470511254,"RJ"
1.5,4,1.09801456761503,0.993819133883103,1.21313421083381,"RJ"
1.5,5,1.17816206665474,1.03536667250842,1.34065147368636,"RJ"
1.5,6,1.24544245163611,1.08308522048498,1.4321374449582,"RJ"
1.5,7,1.29449451832875,1.14111012185712,1.46849635796414,"RJ"
1.5,8,1.32555716706164,1.20636553076522,1.45652520594973,"RJ"
1.5,9,1.34126337329646,1.25661292548084,1.43161621217465,"RJ"
1.5,10,1.34506318360254,1.22844508834001,1.47275200581228,"RJ"
1.5,11,1.3408493449475,1.14194671233527,1.57439655145508,"RJ"
1.5,12,1.3326669331065,1.04412293679467,1.70095023489053,"RJ"
1.6,0,0.660917141416115,0.505319623291194,0.864426093276677,"RJ"
1.6,1,0.762958467029802,0.641361570246451,0.907609138771417,"RJ"
1.6,2,0.876453238514499,0.794771633668816,0.966529562405913,"RJ"
1.6,3,0.997021553298411,0.91928564709285,1.08133090175526,"RJ"
1.6,4,1.11764082990496,0.991939242937606,1.25927170798426,"RJ"
1.6,5,1.22855855029476,1.0522972693913,1.43434384503863,"RJ"
1.6,6,1.31782978076578,1.11464982430678,1.55804566887475,"RJ"
1.6,7,1.37491320681433,1.1820498466967,1.5992441702482,"RJ"
1.6,8,1.39978426988523,1.25050038482708,1.56688956356385,"RJ"
1.6,9,1.39747105498205,1.29297282535471,1.51041484493449,"RJ"
1.6,10,1.3748219249846,1.23372702175575,1.53205311392828,"RJ"
1.6,11,1.33936214834626,1.10519496839325,1.62314434622398,"RJ"
1.6,12,1.29844501927495,0.969391299533634,1.73919393426683,"RJ"
1.7,0,0.571413715359794,0.417313824898306,0.782417486841829,"RJ"
1.7,1,0.690656149892569,0.563983813811924,0.845779445619866,"RJ"
1.7,2,0.828994833861025,0.740217304804662,0.928419843885741,"RJ"
1.7,3,0.981294129204724,0.892977667464649,1.07834518498726,"RJ"
1.7,4,1.13758204974167,0.988927564934392,1.30858211033921,"RJ"
1.7,5,1.28257016113798,1.06898330793992,1.53883246447657,"RJ"
1.7,6,1.39660348801912,1.14683872359711,1.70076337902974,"RJ"
1.7,7,1.46199037644302,1.22382677478433,1.7465019599597,"RJ"
1.7,8,1.47811932351148,1.29468398880031,1.6875444150372,"RJ"
1.7,9,1.4534140247342,1.32726590209341,1.59155171843283,"RJ"
1.7,10,1.39960457082907,1.23319430370358,1.58847064797706,"RJ"
1.7,11,1.32916468338527,1.06093571767899,1.66520810461883,"RJ"
1.7,12,1.25351909022711,0.889357690991853,1.76679206294533,"RJ"
0.1,0,0.979406559704514,0.456653173461174,2.10058150241627,"RS"
0.1,1,1.0303582441149,0.650422564283767,1.63222829205594,"RS"
0.1,2,1.0827892783762,0.869987187554909,1.34764354939705,"RS"
0.1,3,1.13543049041726,0.904662953456287,1.42506376948867,"RS"
0.1,4,1.18677536254285,0.804364838791155,1.75099120848619,"RS"
0.1,5,1.23508915827519,0.741761255759547,2.05651780413754,"RS"
0.1,6,1.27844005762309,0.73974948780443,2.20940873617397,"RS"
0.1,7,1.3152298993286,0.809364510309029,2.13726901297839,"RS"
0.1,8,1.34578365472564,0.954847925586192,1.89677706448891,"RS"
0.1,9,1.37110477600467,1.13622650205627,1.654536576449,"RS"
0.1,10,1.39237879850525,1.04410879338816,1.85681677120611,"RS"
0.1,11,1.41092870446603,0.790365761338983,2.51873234705113,"RS"
0.1,12,1.42818080192898,0.57316519611696,3.55866060398803,"RS"
0.2,0,1.24025120625073,0.688095465918001,2.23547913159726,"RS"
0.2,1,1.20622199605977,0.844112307424694,1.72367052462176,"RS"
0.2,2,1.17585043005984,0.988276268823167,1.39902603906327,"RS"
0.2,3,1.15157287504171,0.962574316520452,1.37768072944802,"RS"
0.2,4,1.13567098326842,0.840102904338683,1.53522690562907,"RS"
0.2,5,1.13042731754431,0.762528015017597,1.67582815986233,"RS"
0.2,6,1.13833220487102,0.746384800388745,1.73610208564217,"RS"
0.2,7,1.16145708570673,0.798461380184384,1.68947753193379,"RS"
0.2,8,1.19887409801827,0.919188455227715,1.56366096062754,"RS"
0.2,9,1.24903036959529,1.07786722016898,1.44737388333116,"RS"
0.2,10,1.31037071220199,1.04825475406481,1.63802872988504,"RS"
0.2,11,1.38111506651541,0.883634474103037,2.15867407039784,"RS"
0.2,12,1.4590588230155,0.722516604726983,2.94644114071789,"RS"
0.3,0,1.49436493331323,0.972061929812651,2.29730893210337,"RS"
0.3,1,1.36379363408736,1.04868313365704,1.77358919647266,"RS"
0.3,2,1.25091107344046,1.09598463228832,1.42773764116458,"RS"
0.3,3,1.15897959367767,1.01320505594208,1.32572739415747,"RS"
0.3,4,1.09014057133068,0.874507640918258,1.35894348963415,"RS"
0.3,5,1.04624251700372,0.785659492957207,1.3932542204335,"RS"
0.3,6,1.02970106560669,0.757647383837183,1.39944294289203,"RS"
0.3,7,1.04274012668095,0.793864482524772,1.36963801218639,"RS"
0.3,8,1.08285410186732,0.891650824538601,1.31505851131539,"RS"
0.3,9,1.14737915072322,1.0278577077543,1.2807987969372,"RS"
0.3,10,1.23424484838522,1.04817021816643,1.45335205996433,"RS"
0.3,11,1.34111884955065,0.970037166658553,1.85415552149987,"RS"
0.3,12,1.46459988972731,0.880443721883097,2.43633157199578,"RS"
0.4,0,1.64901255453046,1.23052180951887,2.2098286954071,"RS"
0.4,1,1.44993358018015,1.20966291561054,1.73792827721181,"RS"
0.4,2,1.28324435143074,1.16689422284532,1.41119566216002,"RS"
0.4,3,1.15065420392191,1.04742034490617,1.2640628029063,"RS"
0.4,4,1.05218381465223,0.906368173122259,1.22145813660072,"RS"
0.4,5,0.987613081080025,0.814438175192616,1.19761036212442,"RS"
0.4,6,0.957784017178167,0.779141082630377,1.17738654014364,"RS"
0.4,7,0.963885123702973,0.801962006465592,1.15850192927532,"RS"
0.4,8,1.00223255329543,0.878191872700784,1.1437934261404,"RS"
0.4,9,1.0696954792833,0.990420842527468,1.15531536622262,"RS"
0.4,10,1.16429528075693,1.04194110120696,1.30101739841397,"RS"
0.4,11,1.28392698863427,1.0334124974143,1.59516990192019,"RS"
0.4,12,1.42513047095716,1.0141073495865,2.00274345716823,"RS"
0.5,0,1.60410009705692,1.34082554863207,1.91906928086445,"RS"
0.5,1,1.41130605210371,1.2607483605826,1.57984323833198,"RS"
0.5,2,1.24951998124757,1.17483093451165,1.32895733136778,"RS"
0.5,3,1.12028812400166,1.05674213791448,1.18765537565866,"RS"
0.5,4,1.02355938984831,0.935955222759752,1.1193631907491,"RS"
0.5,5,0.959015026195135,0.854705467851941,1.07605468206432,"RS"
0.5,6,0.927254800179042,0.819570598836378,1.04908773652424,"RS"
0.5,7,0.929085303127455,0.831930779617166,1.03758572424097,"RS"
0.5,8,0.9606681742146,0.886547776895014,1.04098545504345,"RS"
0.5,9,1.01863892307643,0.970488468971775,1.06917834552498,"RS"
0.5,10,1.10068720613026,1.02923200414114,1.17710323898237,"RS"
0.5,11,1.20440373955235,1.05870118041495,1.37015844950616,"RS"
0.5,12,1.3262107220158,1.08403888909712,1.62248319398817,"RS"
0.6,0,1.32538165116742,1.22139970617767,1.43821593567319,"RS"
0.6,1,1.22539973098977,1.16314380069331,1.29098783814585,"RS"
0.6,2,1.13726783093054,1.10456440842056,1.17093952096364,"RS"
0.6,3,1.06351598870965,1.03587011225715,1.09189969365607,"RS"
0.6,4,1.00593457111435,0.967107376317175,1.04632059080806,"RS"
0.6,5,0.96602426081919,0.918292528047304,1.01623703121669,"RS"
0.6,6,0.945468511598732,0.895314477809924,0.998432091270728,"RS"
0.6,7,0.945465327095301,0.900231209780066,0.992972333138519,"RS"
0.6,8,0.963573572442988,0.929446981372805,0.998953192724532,"RS"
0.6,9,0.997049552666117,0.975009326049545,1.01958800178819,"RS"
0.6,10,1.04350142754053,1.01278023023249,1.07515450714234,"RS"
0.6,11,1.10043817161388,1.03994582781943,1.16444927913606,"RS"
0.6,12,1.16489395884763,1.06648133048327,1.27238789519625,"RS"
0.7,0,0.949414294024867,0.93674513207418,0.962254802117676,"RS"
0.7,1,0.963464890393689,0.955181110762203,0.971820510856416,"RS"
0.7,2,0.9770321547518,0.972287795502527,0.981799664497037,"RS"
0.7,3,0.989389947868094,0.985197713754405,0.993600020864902,"RS"
0.7,4,0.999780449743154,0.993520596460599,1.00607974434505,"RS"
0.7,5,1.00742594796502,0.999289816020835,1.01562832359742,"RS"
0.7,6,1.01154639803429,1.00273385319905,1.02043639208123,"RS"
0.7,7,1.01162112618161,1.00366218719484,1.01964317874445,"RS"
0.7,8,1.00812446778266,1.00224602936519,1.01403738479842,"RS"
0.7,9,1.00180170555455,0.998124900243478,1.00549205515983,"RS"
0.7,10,0.993408536532438,0.988624616387076,0.998215605901051,"RS"
0.7,11,0.983693228080141,0.974823056201358,0.992644111990363,"RS"
0.7,12,0.973384244137663,0.95972921611762,0.987233555906806,"RS"
0.8,0,0.656857898184472,0.59104188367809,0.73000291573637,"RS"
0.8,1,0.741022867680638,0.692217046093378,0.793269818367867,"RS"
0.8,2,0.831129425258091,0.79969513077952,0.863799334199391,"RS"
0.8,3,0.921423817971091,0.891524810791745,0.952325546128574,"RS"
0.8,4,1.00387768819688,0.9563596887413,1.0537566824736,"RS"
0.8,5,1.06858635761378,1.00363437182565,1.13774182683796,"RS"
0.8,6,1.10489947837634,1.03248682272677,1.18239073898513,"RS"
0.8,7,1.10544754811151,1.03972359482631,1.17532610369383,"RS"
0.8,8,1.0743303200751,1.026512041341,1.12437613018633,"RS"
0.8,9,1.02010524466711,0.991063857067783,1.04999763917955,"RS"
0.8,10,0.9518811354004,0.916663309240877,0.988452015911395,"RS"
0.8,11,0.877958903425226,0.818321797580621,0.941942202178337,"RS"
0.8,12,0.805086452708742,0.721526275993262,0.898323758816509,"RS"
0.9,0,0.485185785836083,0.402843284933213,0.584359366487652,"RS"
0.9,1,0.598910171650985,0.530951874748018,0.675566677068884,"RS"
0.9,2,0.731784910654472,0.683267126020392,0.783747871173874,"RS"
0.9,3,0.876075416191984,0.826597610648988,0.92851482386135,"RS"
0.9,4,1.01719440050102,0.934577801846796,1.10711429949012,"RS"
0.9,5,1.1338066314252,1.01625394996517,1.26495693080242,"RS"
0.9,6,1.20092180630835,1.06687143925368,1.35181534700731,"RS"
0.9,7,1.20053991086858,1.07859417730582,1.33627281503456,"RS"
0.9,8,1.14045769527724,1.05303463808993,1.23513862476192,"RS"
0.9,9,1.04005024924326,0.988234008702773,1.09458337946788,"RS"
0.9,10,0.919885744200523,0.860576161866346,0.983282851512181,"RS"
0.9,11,0.797167779926392,0.704551414799385,0.901958971345929,"RS"
0.9,12,0.683807290379454,0.564361285590147,0.82853381745903,"RS"
1,0,0.389790778277154,0.302144488555455,0.502861566518441,"RS"
1,1,0.51534615588188,0.43673529349211,0.608106705227909,"RS"
1,2,0.672114301687581,0.611255572554736,0.739032337398501,"RS"
1,3,0.852983171570403,0.7875540702284,0.9238480486442,"RS"
1,4,1.03912462151067,0.926033636184294,1.16602673686769,"RS"
1,5,1.19867450607614,1.03303504126062,1.39087302378776,"RS"
1,6,1.29157008782344,1.09966512307115,1.51696480752378,"RS"
1,7,1.28815712905149,1.11350394955587,1.49020467308447,"RS"
1,8,1.20005950404412,1.07634650842887,1.33799181022921,"RS"
1,9,1.05862752375348,0.986558575209728,1.13596117068891,"RS"
1,10,0.896423901214999,0.81784805703333,0.982549024551597,"RS"
1,11,0.738646942396691,0.62398699019119,0.874376091310508,"RS"
1,12,0.60039490284863,0.462188555104486,0.779928527838869,"RS"
1.1,0,0.337571594704385,0.246204868582368,0.46284454977436,"RS"
1.1,1,0.468978788820681,0.381782105385792,0.576090658155551,"RS"
1.1,2,0.641059713801211,0.569375675470872,0.721768727332845,"RS"
1.1,3,0.848320043820395,0.768433915557038,0.936511106782377,"RS"
1.1,4,1.06928853296808,0.92800287825497,1.23208450483156,"RS"
1.1,5,1.26317059581779,1.05212089302645,1.51655571590152,"RS"
1.1,6,1.37600180010087,1.12897645622182,1.67707744784787,"RS"
1.1,7,1.36732329343146,1.14268396526998,1.63612428771462,"RS"
1.1,8,1.25289108541456,1.09521367151243,1.43326924484385,"RS"
1.1,9,1.07593823977721,0.985163126622292,1.17507757297407,"RS"
1.1,10,0.880106654385366,0.785248339953686,0.986423891248324,"RS"
1.1,11,0.696946152443747,0.566008430862425,0.858174389144754,"RS"
1.1,12,0.543026625583985,0.393498809485468,0.749374353835293,"RS"
1.2,0,0.312338845630251,0.215206485318021,0.45331140623144,"RS"
1.2,1,0.44836035062706,0.351525689811419,0.571870022137681,"RS"
1.2,2,0.632115163544789,0.549177938990307,0.727577623962618,"RS"
1.2,3,0.859608765470659,0.765232264657452,0.965624770153626,"RS"
1.2,4,1.10741114440344,0.938164292336032,1.30719049186502,"RS"
1.2,5,1.32735833349984,1.07153979497223,1.64425078170534,"RS"
1.2,6,1.45380620371511,1.15278118126372,1.8334377003306,"RS"
1.2,7,1.43761448546534,1.16433885341586,1.77502915303096,"RS"
1.2,8,1.29902469818445,1.10842861164219,1.52239408904571,"RS"
1.2,9,1.09210303317113,0.983238890131167,1.21302060672404,"RS"
1.2,10,0.869787667882267,0.760241621425126,0.995118612135315,"RS"
1.2,11,0.668187730466645,0.523562387219862,0.852763403263108,"RS"
1.2,12,0.504140463968754,0.345806603304103,0.734970370670232,"RS"
1.3,0,0.306003788555868,0.199313359956353,0.469804526054099,"RS"
1.3,1,0.44732592712744,0.337956931362561,0.592088714599421,"RS"
1.3,2,0.641479850059817,0.545516850349039,0.754323899929906,"RS"
1.3,3,0.885248764425156,0.775159436783827,1.01097314659256,"RS"
1.3,4,1.1532744813671,0.954478669939243,1.39347485832995,"RS"
1.3,5,1.39138321377477,1.08937988171532,1.77710941799833,"RS"
1.3,6,1.52499788555301,1.16924495071856,1.98899174164655,"RS"
1.3,7,1.49913674449925,1.17697632939424,1.90947848531883,"RS"
1.3,8,1.33881836611803,1.11503783023111,1.60751013899093,"RS"
1.3,9,1.10725792603817,0.980121005015265,1.25088648085371,"RS"
1.3,10,0.864491996684835,0.740811011755088,1.00882195387669,"RS"
1.3,11,0.649525967088379,0.491808400625455,0.857821829365998,"RS"
1.3,12,0.478733413488806,0.311533499053574,0.73566946054566,"RS"
1.4,0,0.314617756303185,0.193321197151662,0.512020068361135,"RS"
1.4,1,0.46264390401379,0.336452025968135,0.636166125929028,"RS"
1.4,2,0.666968969951594,0.555135867699892,0.80133104841782,"RS"
1.4,3,0.924176148216093,0.796160260978788,1.07277591559457,"RS"
1.4,4,1.20667244126082,0.975150012392962,1.49316347433075,"RS"
1.4,5,1.45547488261026,1.10402593901188,1.91880195840811,"RS"
1.4,6,1.58999547864559,1.1770944151924,2.14773393661901,"RS"
1.4,7,1.55248125058933,1.1797582873827,2.04295918851179,"RS"
1.4,8,1.37288035825089,1.11456710808771,1.69106056009932,"RS"
1.4,9,1.12155274325487,0.975356515168647,1.28966232996868,"RS"
1.4,10,0.863360597528439,0.725342263978714,1.02764109908056,"RS"
1.4,11,0.638785556478373,0.467328039305289,0.873148950728424,"RS"
1.4,12,0.463354219222667,0.285888472519677,0.750982124529944,"RS"
1.5,0,0.336441999924441,0.194268465062552,0.582663888741338,"RS"
1.5,1,0.492718140229445,0.344159069776449,0.705403945532676,"RS"
1.5,2,0.707311553267765,0.575825188893228,0.868822071413109,"RS"
1.5,3,0.975597458680454,0.826589417510413,1.15146695713869,"RS"
1.5,4,1.26736623133505,0.998639578201464,1.60840527392394,"RS"
1.5,5,1.51994901003853,1.11439040791026,2.0731020087021,"RS"
1.5,6,1.64958681714065,1.17591888789745,2.31405133065737,"RS"
1.5,7,1.59866147461845,1.1727518432725,2.17924919503656,"RS"
1.5,8,1.40202937202156,1.10716505119666,1.77542305719151,"RS"
1.5,9,1.13514968119021,0.968741245854045,1.33014342500739,"RS"
1.5,10,0.865606907592779,0.712548262569981,1.05154325374381,"RS"
1.5,11,0.634214261545771,0.447659318202923,0.898513028082928,"RS"
1.5,12,0.455486120976503,0.265743940845594,0.780704936270841,"RS"
1.6,0,0.37087081529293,0.200273083503101,0.686788055739469,"RS"
1.6,1,0.536762572364785,0.359104122103534,0.802313427659831,"RS"
1.6,2,0.761631854264508,0.605873160929882,0.957433203576954,"RS"
1.6,3,1.03875849535052,0.8649771437194,1.24745401597908,"RS"
1.6,4,1.33503914593872,1.02368846247488,1.7410858738017,"RS"
1.6,5,1.58520941084499,1.12004995945302,2.24355070505847,"RS"
1.6,6,1.70488787138134,1.16628291598797,2.49222775549356,"RS"
1.6,7,1.6390432353488,1.15697650057777,2.32196827334097,"RS"
1.6,8,1.42725487745655,1.09360971194226,1.86269055859579,"RS"
1.6,9,1.14822207477067,0.960315082457362,1.37289724703371,"RS"
1.6,10,0.870482752845554,0.701412966463366,1.08030541097952,"RS"
1.6,11,0.634309278931621,0.431010481234207,0.933499946884404,"RS"
1.6,12,0.453153423902681,0.24901360065756,0.82464582276819,"RS"
1.7,0,0.417672147670191,0.209903272850616,0.831097202870118,"RS"
1.7,1,0.594156560391766,0.379638685145367,0.929889476678067,"RS"
1.7,2,0.829001630539203,0.643668174532755,1.06769874700662,"RS"
1.7,3,1.1127256161986,0.90984644089386,1.36084315033221,"RS"
1.7,4,1.40925020776468,1.04931574382058,1.89264876637967,"RS"
1.7,5,1.65175091346822,1.12124380236485,2.43326301950459,"RS"
1.7,6,1.75730254181817,1.14961816646227,2.68620687596099,"RS"
1.7,7,1.67527763219736,1.13424040549525,2.47439178796965,"RS"
1.7,8,1.44968143124878,1.07518805375674,1.95461272543399,"RS"
1.7,9,1.16095340339469,0.950322329218657,1.4182691108204,"RS"
1.7,10,0.877251909022492,0.691142170038013,1.11347700262781,"RS"
1.7,11,0.637693614577587,0.416070538561104,0.977365875217593,"RS"
1.7,12,0.454662275615192,0.234287732092364,0.882324409483331,"RS"
1.8,0,0.476281488016352,0.221797215841883,1.02275429818193,"RS"
1.8,1,0.663831103358756,0.404058202304923,1.09061449878439,"RS"
1.8,2,0.908005167454454,0.687381408010056,1.19944091375822,"RS"
1.8,3,1.19616942785133,0.959561332775837,1.49112021426193,"RS"
1.8,4,1.48938700249819,1.07478310476109,2.06392678986485,"RS"
1.8,5,1.72016351243763,1.11875644653939,2.64486744963538,"RS"
1.8,6,1.80848970688283,1.12796408908779,2.89959144226497,"RS"
1.8,7,1.70924522214891,1.10685159053205,2.6394859567709,"RS"
1.8,8,1.47054001322174,1.0535086046097,2.05265331580974,"RS"
1.8,9,1.17353657127405,0.939154192334229,1.46641317832453,"RS"
1.8,10,0.885170421354093,0.681116696307773,1.15035599492357,"RS"
1.8,11,0.643029375912456,0.401874440381595,1.02889543782317,"RS"
1.8,12,0.45842844939763,0.220606526670852,0.952631122880025,"RS"
